"Adams (Charli) - Sinclair (Jodie)" <joamch30@gmail.com>;
"Adams (Charli)" <beccydawber@bigpond.com>;
"Akanoa (Jayden-Rae) - Akanoa (Temata)" <mwalker12@bigpond.com>;
"Akanoa (Jayden-Rae)" <akanoataiti@gmail.com>;
"Akanoa (Lorenzo) - Akanoa (Temata)" <akanoataiti@gmail.com>;
"Akanoa (Lorenzo) - Akanoa (Travel)" <akanoatravel@gmail.com>;
"Alexander (Brayden) - Alexander (Kirrily)" <azkizalexander@bigpond.com.au>;
"Amey (Lachlan) - Amey (Jarrod)" <jazznchaz01@gmail.com>;
"Amey (Oliver) - Amey (Jarrod)" <jazznchaz01@gmail.com>;
"Anderson (Noah) - Drew (Tania)" <tanderson@starcorptextiles.com>;
"Anderson (Noah)" <tdrew@starcorptextiles.com>;
"Asaad (Julia) - Deacey (Merrin)" <mdeacey@yahoo.com.au>;
"Ash-Hall (Jayden) - Rottier (Stacey)" <chris-stacey@hotmail.com>;
"Ashton (Tigerlily) - Maloney (Craig)" <craig.maloney@hotmail.com>;
"Ashton (Tigerlily) - Westra (Jodie)" <jodie.westra@hotmail.com>;
"Atcheson (Tilli) - Atcheson (Nicole)" <nicole.atcheson20@gmail.com>;
"Aulsebrook-Walker (Aaron) - Walker (Matt)" <matthew.walker@lincolnsentry.com.au>;
"Bamford (Evelyn) - Bamford (Jon)" <j.bamford78@optusnet.com.au>;
"Bamford (Evelyn) - Bamford (Michelle)" <m.bamford76@optusnet.com.au>;
"Bamford (Evelyn)" <e.bamford05@optusnet.com.au>;
"Bamford (Josephine) - Bamford (Jon)" <j.bamford78@optusnet.com.au>;
"Bamford (Josephine) - Bamford (Michelle)" <m.bamford76@optusnet.com.au>;
"Bamford (Josephine)" <j.bamford07@optusnet.com.au>;
"Bannan (Lachlan) - Gielen (Wendy)" <wendygielen11@gmail.com>;
"Barbour (Cooper) - Wallace (Carly)" <carlywallace69@hotmail.com>;
"Barbour (Tyler) - Wallace (Carly)" <carlywallace69@hotmail.com>;
"Barlow (Elise) - Barlow (Ben)" <benny190271@gmail.com>;
"Bartling (Jaxon) - Bartling (Chris)" <chrisbartling@hotmail.com.au>;
"Bartling (Jaxon) - Bartling (Elwira)" <elwirabartling@gmail.com>;
"Bartling (Jaxon)" <chrisbartling@hotmail.com>;
"Baseden (Adam) - Baseden (Brett)" <brettbaseden@hotmail.com>;
"Baseden (Adam) - Baseden (Michelle)" <michellebaseden@hotmail.com>;
"Beattie (Vaughn) - Beattie (Joshua)" <j-beattie1@hotmail.com>;
"Beattie (Vaughn) - Talent (Rachel)" <rachelleetalent@hotmail.com>;
"Bemelmans (Carter) - Bemelmans (Peter)" <petebem2365@gmail.com>;
"Beveridge (Phoenix) - Beveridge (Amanda)" <amandabev77@gmail.com>;
"Beveridge (Phoenix) - Beveridge (Ben)" <benbev35@gmail.com>;
"Beveridge (Ryder) - Beveridge (Amanda)" <amandabev77@gmail.com>;
"Beveridge (Ryder) - Beveridge (Ben)" <benbev35@gmail.com>;
"Bickers (Xavier) - Bickers (Carolyn)" <carolyn.bickers@icloud.com>;
"Bickers (Xavier) - Bickers (Steven)" <stevenabickers@gmail.com>;
"Bickers (Xavier)" <bickersboys3@gmail.com>;
"Bithell (Hamish) - Bithell (Sean)" <seanbithell@bigpond.com>;
"Blake (Mikybie) - Blake (Brad)" <bradleighblake@hotmail.com.au>;
"Blake (Mikybie) - Francis (Onique)" <onique.francis@gmail.com>;
"Blake (Phoenix) - Blake (Brad)" <bradleighblake@hotmail.com.au>;
"Blake (Phoenix) - Francis (Onique)" <onique.francis@gmail.com>;
"Blasius (Chloe) - Mandy Maggs (Mandy Maggs)" <mandymaggs9@gmail.com>;
"Blasius (Chloe)" <chloeblasius4@gmail.com>;
"Bone (Lily) - Bone (Rebecca)" <rebeccabone78@gmail.com>;
"Bone (William) - Bone (Rebecca)" <rebeccabone78@gmail.com>;
"Brady (Charlotte) - Brady (Matthew)" <matthew@petromech.com.au>;
"Brady (Charlotte) - Brady (Tania)" <mattanz06@optusnet.com.au>;
"Bright (Jacob) - Bright (Andrew)" <youngandbright@optusnet.com.au>;
"Buchstaller (Joshua) - Buchstaller (Debra)" <debrabuch74@gmail.com>;
"Buchstaller (Joshua) - Buchstaller (Peter)" <peterbuch1974@gmail.com>;
"Bullman (Kane) - Bullman (Andrew)" <andrewbullman1@gmail.com>;
"Bullman (Kane) - Bullman (Simone)" <simbullman@gmail.com>;
"Bullman (Miller) - Bullman (Andrew)" <andrewbullman1@gamil.com>;
"Bullman (Miller) - Bullman (Simone)" <simbullman@gmail.com>;
"Bullman (Miller)" <andrewbullman1@gmail.com>;
"Bullman (Tyler) - Bullman (Andrew)" <andrewbullman1@gmail.com>;
"Bullman (Tyler) - Bullman (Simone)" <simbullman@gmail.com>;
"Burns (Torey) - Burns (Mark)" <mkburns@optusnet.com.au>;
"Burns (Torey)" <torburns@optusnet.com.au>;
"Calcraft (Benjamin) - Paice (Lisa)" <lisapaice@gmail.com>;
"Cameron (Madelyn) - Cameron (Kylie)" <camscove@icloud.com>;
"Carter (Hailey) - Carter (Craig)" <craig@progressearth.com.au>;
"Carter (Hailey) - Carter (Diana)" <tipprincess@yahoo.co.uk>;
"Cathro-Turner (Emily) - Turner (Shane)" <shaneturnerstud@gmail.com>;
"Christensen (Dylan) - CHRISTENSEN (TONY)" <bigtone6@hotmail.com>;
"Christensen (Dylan) - Christensen (sue)" <suedal71@hotmail.com>;
"Christensen (Mia) - Christensen (Sue)" <suedal71@hotmail.com>;
"Christensen (Mia) - Christensen (Tony)" <bigton6@gmail.com>;
"Cincotta (Markus) - Cincotta (Timothy)" <tscincotta@hotmail.com>;
"Cincotta (Markus) - Hoppe (Chantal)" <chantal.hoppe@monash.edu.au>;
"Collins (Kai) - Collins (Darran)" <dcollins1076@gmail.com>;
"Collins (Kai) - O'Connor (Sarah)" <sarah.oconnor.j@gmail.com>;
"Collins (Riley) - Collins (Michael)" <michaelc@conwayelectrics.com.au>;
"Collins (Riley) - Collins (Sandra)" <sandra.collins@monash.edu>;
"Cook (James) - Cook (Josh)" <edawborn@hotmail.com>;
"Cossens (Elena) - Cossens (Lisa)" <lisa.cossens@gmail.com>;
"Darmawan (Indah) - Darmawan (Gede)" <gede_d@live.com.au>;
"Darmawan (Indah) - Darmawan (Tracey)" <darmawan1@bigpond.com>;
"Darmawan (Zyon) - Darmawan (Gede)" <darmawan1@bigpond.com>;
"Darmawan (Zyon) - Darmawan (Tracey)" <darnawan1@bigpond.com>;
"Davies (Sam) - Davies (Steven)" <steven.davies@beaconhills.vic.edu.au>;
"Davies (Sam)" <daviess2@mlc.vic.edu.au>;
"De Losa (Isabella) - Tucker (Angela)" <angela@valleywindows.com.au>;
"Delbridge (Anthony) - Delbridge (Sally)" <office.cablecom@gmail.com>;
"Derham (Andrew) - Derham (Charles)" <youngderham@bigpond.com>;
"Derham (Andrew) - Derham (Deanna)" <dderham@ldb.com.au>;
"Derham (David) - Derham (Charles)" <youngderham@bigpond.com>;
"Derham (David) - Derham (Deanna)" <dderham@ldb.com.au>;
"Eagles (Ashton) - Eagles (Natalie)" <natalie.dunkley@yahoo.com.au>;
"Eagles (Ashton)" <natalie.eagles85@gmail.com>;
"Edwards (Aidan) - Edwards (Nathan)" <nre@live.com.au>;
"Edwards (Aidan) - Robins (Tamara)" <tamararobins@hotmail.com>;
"Edwards (Aidan)" <kiesharobins12@gmail.com>;
"Ferguson (Thomas) - Ferguson (Craig)" <craig@gwrlive.com>;
"Foster-Davies (Jaslyn) - McLeish (Kelly)" <mckellym@hotmail.com>;
"GauciFraser (Shaylee) - Fraser (Kim)" <kynmii495@gmail.com>;
"Gerada (Corey) - Gerada (Leon)" <neonleon38@hotmail.com>;
"Gilchrist (Jamie) - Gilchrist (Sandra)" <sandra70@live.com.au>;
"Glenn (Jack) - Van Looy (Bianca)" <bvanlooy1982@hotmail.com>;
"Gordon (Malakai) - SANKEY (KAYLA)" <kayla_gordon86@hotmail.com>;
"Gordon (Malakai) - sankey (christopher)" <christopher_sankey@hotmail.com>;
"Green (Aaron) - Green (Kelly)" <kelly1969@live.com.au>;
"Green (Aaron) - Green (Steve)" <zara95@optusnet.com.au>;
"Groenewegen (Jasper) - Groenewegen (Hannah)" <hannahcar4@hotmail.com>;
"Groenewegen (Jasper) - Groenewegen (Peter)" <peter.groenewegen@bigpond.com>;
"Gunn (Joel) - Gunn (Alex)" <algunn71@hotmail.com>;
"Gunn (Joel) - Gunn (Lori)" <lorigunn75@gmail.com>;
"Gunton-Pincombe (Chya) - Pincombe (Zenobia)" <zenobiapincombe@gmail.com>;
"Guymer (Lawson) - Guymer (Craig)" <gtrrocky15@hotmail.com>;
"Guymer (Lawson) - Guymer (Megan)" <megzzie24@hotmail.com>;
"Hannan (Chad) - Hannan (Chad)" <hannanchad@hotmail.com>;
"Hannan (Chad) - Hannan (Yvette)" <liberty06@bigpond.com>;
"Hannan (Jett) - Hannan (Chad)" <hannanchad@hotmail.com>;
"Hannan (Jett) - Hannan (Yvette)" <liberty06@bigpond.com>;
"Hapuarachchi (Ezra) - Azoor (Tasnym)" <tasbella@gmail.com>;
"Hapuarachchi (Ezra) - Hapuarachchi (Roshan)" <rs_hapu@yahoo.com>;
"Harris (Joel) - Eagle (Nicole)" <nicole.a.eagle@gmail.com>;
"Hartley (Jackson) - Hartley (Megan)" <burnsmegan@hotmail.com>;
"Hartley (Jackson) - Hartley (Wayne)" <warrior.56@hotmail.com>;
"Hartley (Jackson)" <megan.hartley22@outlook.com>;
"Hasslinger (Joshua) - Carlin (Liam)" <liam.carlin1997@gmail.com>;
"Hasslinger (Joshua) - Carlin (Rachael)" <suzanne.metz@mail.com>;
"Heenan (Renee) - HEENAN (JANETTE)" <keishahee@gmail.com>;
"Heenan (Renee) - Heenan (Steven)" <steveheen@gmail.com>;
"Heenan (Ryan) - Heenan (Janette)" <keishahee@gmail.com>;
"Heenan (Ryan) - Heenan (Steven)" <steveheen1@gmail.com>;
"Higgins (Joshua) - Higgins (Mark)" <mhiggins@legalsuper.com.au>;
"Higgins (Joshua) - Higgins (Michele)" <higginspeeps@gmail.com>;
"Higgins (Matthew) - Higgins (Mark)" <mhiggins@legalsuper.com.au>;
"Higgins (Matthew) - Higgins (Michele)" <higginspeeps@gmail.com>;
"Hindson (Matilda) - Hindson (Dragana)" <dragana@icircle.net>;
"Hindson (Matilda) - Hindson (Mark)" <mark@icircle.net>;
"Hindson (Zach) - Hindson (Dragana)" <dragana@icircle.net>;
"Hindson (Zach) - Hindson (Mark)" <mark@icircle.net>;
"Hodgkinson (Kayley) - Hodgkinson (Abby)" <ahodgie@mail.com>;
"Hodgkinson (Kayley) - Hodgkinson (Daniel)" <danielhodgkinson81@gmail.com>;
"Hoggett (Noah) - Addicott (Mary-Ann)" <maryannaddicott@yahoo.com>;
"Hoggett (Noah) - lovat (jamie)" <lovatjamie@gmail.com>;
"Hughson (Cassie) - Hughson (Gillian)" <gillhughson5@gmail.com>;
"Hughson (Gemma) - Hughson (Gillian)" <gillhughson5@gmail.com>;
"Hughson (Max) - Hughson (Gillian)" <gillhughson5@gmail.com>;
"Humphreys (Max) - Humphreys (Kate)" <katerichumphreys@outlook.com>;
"Hurrell (Jai) - Hurrell (Matt)" <g-one_leadlighting@hotmail.com>;
"Hurrell (Taj) - Hurrell (Matthew)" <g-one_leadlighting@hotmail.com>;
"Irshad (Zara) - Irshad (Kylie)" <kylieirshad@hotmail.com>;
"Irshad (Zara)" <beccydawber@bigpond.com>;
"Irvin (Cooper) - Irvin (Michelle)" <daveirvin_3@hotmail.com>;
"Irvin (Cooper) - Irvin (Michelle)" <m.irvin@live.com.au>;
"Johnson (Amy) - Johnson (Keith)" <kljohnson6374@gmail.com>;
"Johnson (Amy) - Johnson (Kym)" <kymbojohnson@gmail.com>;
"Johnson (Claire) - JOHNSON (Keith)" <kljohnson6374@gmail.com>;
"Johnson (Claire) - Johnson (Kym)" <kymbojohnson@gmail.com>;
"Jolly (Sid) - Jolly (Renae)" <renae.1980@hotmail.com>;
"Jones (Caleb) - Jones (Lyndal)" <lyndlu2010@hotmail.com>;
"Jones (Caleb) - Jones (Shaun)" <sboy_99@hotmail.com>;
"Jordy (Stafford) - Stafford (Lisa)" <leesy.stafford1@gmail.com>;
"Kane (Alex) - Kane (Warwick)" <warwick.kane@gmail.com>;
"Kershaw (Leila)" <kara@pridecup.org.au>;
"Khan (Pashtana) - Khan (Rayana)" <ray.k0709@gmail.com>;
"Khan (Rana) - Khan (Rayana)" <ray.k0709@gmail.com>;
"Khan (Rana)" <ranakh6n@gmail.com>;
"King (Acacia-Lee) - Beaton (Melissa)" <mjbeaton1977@gmail.com>;
"Kinstler (Dustin) - Kinstler (Robert)" <robert.kinstler@greencap.com.au>;
"Knight (Heath) - Knight-Brown (Kylie)" <kylierocks@gmail.com>;
"Kolb (Andrew) - KOLB (TANYA)" <tonykolb@bigpond.com>;
"Lalor (Joshua) - Lalor (Garry)" <garry.lalor@icloud.com>;
"Lalor (Joshua)" <garry.lalor@parks.vic.gov.au>;
"Leb (Jessica) - leb (catherine)" <catherinejleb@optusnet.com.au>;
"Leb (Jessica) - leb (neal)" <n.leb@icloud.com>;
"Leb (Jessica)" <jess.l28@icloud.com>;
"Lech (Amielle) - Lech (Fi)" <whiskk@gmail.com>;
"Lech (Amielle) - Lech (Ty)" <ty_lech@hotmail.com>;
"Lech (Xavier) - lech (fiona)" <whiskk@gmail.com>;
"Lovie (Taiha) - Balsdon (Emily)" <emilybalsdon1992@hotmail.com>;
"Ludtke (Oscar) - Ludtke (Jane)" <jludtke@optusnet.com.au>;
"Macfarlane (Emily) - Anderson (Felicity)" <flissygxxx@gmail.com>;
"Mainenti (Jag) - Mainenti (Paul)" <maronello@icloud.com>;
"Mainenti (Jag) - Michelle (Hardy)" <michelle.hardy@live.com>;
"Malone (Taylah) - Malone (Dale)" <fluffyflakey@hotmail.com>;
"Malone (Taylah) - Malone (Taryn)" <flakeytaz@hotmail.com>;
"Maloney (Sienna) - Maloney (Craig)" <craig.maloney@hotmail.com>;
"Maloney (Sienna) - Westra (Jodie)" <jodie.westra@hotmail.com>;
"Maloney (Zakiya) - Maloney (Craig)" <craig.maloney@hotmail.com>;
"Maloney (Zakiya) - Westra (Jodie)" <jodie.westra@hotmail.com>;
"Maniscalchi (Emily) - Maniscalchi (Tania)" <maniscalchi.tania.l@edumail.vic.gov.au>;
"Maniscalchi (Grace) - Maniscalchi (Tania)" <maniscalchi.tania.l@edumail.vic.gov.au>;
"Marsden (Georgie) - Marsden (Leanne)" <harri47@bigpond.com>;
"Marsden (Georgie) - Marsden (Paul)" <gemjem28@yahoo.com>;
"Marsden (Georgie)" <leannemar47@gmail.com>;
"Marsden (Jed) - Marsden (Leanne)" <harri47@bigpond.com>;
"Marsden (Jed) - Marsden (Paul)" <gemjem28@yahoo.com>;
"Marsden (Jed)" <leannemar47@gmail.com>;
"Martin (Alanna) - Martin (Anthony)" <avmartin@bigpond.net.au>;
"Martin (Alanna) - Martin (Fiona)" <fmartin1@bigpond.net.au>;
"Martinus (Romesh) - Martinus (Darren)" <martinusdsl@dodo.com.au>;
"Martinus (Romesh) - Martinus (Neomi)" <martinud@y7mail.com>;
"Mason (Nicholas) - Blackley (Donna)" <dblackley78@hotmail.com>;
"Mason (Nicholas) - Blackley (Keith)" <keiffy78@hotmail.com>;
"Materia (Jeremy) - Materia (Angelo)" <ammateria@gmail.com>;
"Materia (Jeremy) - Materia (Maria)" <mariamateria2@gmail.com>;
"Materia (Jeremy)" <jeremymateria@gmail.com>;
"Mathews (Toby) - Mathews (Brad)" <bradleymathews75@gmail.com>;
"Mathews (Toby) - Mathews (Tunde)" <tundemathews@gmail.com>;
"Maxwell (Jayden) - Maxwell (Nic)" <maxwell.n@optusnet.com.au>;
"McGuire (Cooper) - McGuire (Kellie)" <lachlan.mcguire2@bigpond.com>;
"McGuire (Remi) - McGuire (Kellie)" <lachlan.mcguire2@bigpond.com>;
"McPherson (Levi) - Nolan (Gregory)" <gregory.nolan@bigpond.com>;
"McPherson (Levi) - Nolan (Karen)" <karnol@live.com>;
"Mcmanus (Rhian) - Bolger (Sallie)" <salliw79@gmail.com>;
"Mead (Jackson) - Mead (Chloe)" <cj.mead@hotmail.com>;
"Mead (Jackson) - Mead (Dylan)" <dylan_mead@hotmail.com>;
"Moore (Dustyn) - Moore (Ashley)" <ashmoore44@hotmail.com>;
"Morgans (Zoe) - Morgans (Amee)" <amee.personal@gmail.com>;
"Morgans (Zoe) - Morgans (Ross)" <ross_morgans@bigpond.com>;
"Moulden (Sam) - Moulden (Rebecca)" <mouldenr@hotmail.com>;
"Murphy (Maison) - Murphy (Kirstie)" <dangersmurf@hotmail.com>;
"Nackovski (David)" <pnackovski@hotmail.com>;
"Nackovski (Kristina) - Nackovski (Pete)" <pnackovski@hotmail.com>;
"Nicolaou (Noah) - Nicolaou (Amanda)" <a.nicolaou84@gmail.com>;
"Niksic (Kayla) - Alderton (Melanie)" <m.ald37@outlook.com>;
"Nye (Kayden) - Nye (Adrian)" <teamnye3@gmail.com>;
"Obrien (Charlie) - Davis (Rebecca)" <bexobr@gmail.com>;
"Obrien (Charlie) - OBrien (Dennis)" <d.obrien@alerton.com>;
"Page (Liam) - Page (Carli)" <colinp71@hotmail.com>;
"Parker (Zac) - Parker (Andrew)" <andyp1078@gmail.com>;
"Parlby (Marley) - Parlby (Dee)" <djparlby@gmail.com>;
"Parlby (Marley)" <jarrodparlby@gmail.com>;
"Paterson (William) - Paterson (James)" <fonerye@gmail.com>;
"Pearson (Jack) - Pearson (Rob)" <debbie_rob@optusnet.com.au>;
"Pepperell (Jackson) - Pepperell (David)" <d.pepperell@bigpond.com>;
"Peters (Jackson) - Peters (Alissa)" <alissa_jane@hotmail.com>;
"Peters (Jackson) - Peters (Andrew)" <apeters@swin.edu.au>;
"Peters (Jamie) - Peters (Lance)" <galapeters@bigpond.com>;
"Peters (Max) - Peters (Alissa)" <alissa_jane@hotmail.com>;
"Peterson (Chenoa) - Penrose (Rachel)" <rachel_mark_chenoa@live.com.au>;
"Phillips (Sean) - Phillips (Danny)" <danny.phillips@thermon.com>;
"Pickett (Riley) - Pickett (Marie)" <mariebetti81@hotmail.com>;
"Pottenger (Jordan) - Pottenger (Rebecca)" <pottenger008@gmail.com>;
"Pottenger (Jordan)" <shaneturnerstud@gmail.com>;
"Priems (Blair) - Priems (Rob)" <vanessaandrob1@bigpond.com>;
"Prior (Emily) - Prior (Tracey)" <trace.1973@bigpond.com>;
"Prior (Emily)" <priorek@aquinas.vic.edu.au>;
"Prior (Owen) - Prior (Tracey)" <trace.1973@bigpond.com>;
"Raymond (Levi) - Platkowski (Bianca)" <bink_s80@hotmail.com>;
"Raymond (Logan) - Platkowski (Bianca)" <bink_s80@hotmail.com>;
"Rennison (Sydney) - Rennison (Angie)" <renni2@live.com>;
"Rennison (Sydney) - Rennison (Matt)" <golfman05@live.com>;
"Rimmer (James) - Rimmer (Christina)" <christinarimmer@hotmail.com>;
"Rippon (Ethan) - Rippon (Andrew)" <chipsbricklaying@hotmail.com>;
"Rippon (Ethan) - Rippon (Venetta)" <venetta.spencer@hotmail.com>;
"Rippon (Tyler) - Rippon (Andrew)" <chipsbricklaying@hotmail.com>;
"Roberts (Joshua) - Laureyssens (Tamara)" <tmlaureyssens@gmail.com>;
"Roberts (Joshua) - Roberts (Michael)" <mike.j.roberts05@gmail.com>;
"Roberts (Liam) - Roberts (Danea)" <danea74@gmail.com>;
"Roberts (Liam) - Roberts (Steve)" <cbrsteve.roberts@gmail.com>;
"Roberts (Rohan) - Roberts (Steve)" <cbrsteve.roberts@gmail.com>;
"Robertson (Charlie) - Robertson (Andrew)" <andrewcrobertson@gmail.com>;
"Robertson (Charlie) - Robertson (Lara)" <laraejrobertson@gmail.com>;
"Robertson (Darcy) - Robertson (Andrew)" <andrewcrobertson@gmail.com>;
"Robertson (Darcy) - Robertson (Lara)" <laraejrobertson@gmail.com>;
"Robertson (Luca) - Robertson (Andrew)" <andrewcrobertson@gmail.com>;
"Robertson (Luca) - Robertson (Lara)" <laraejrobertson@gmail.com>;
"Robertson (Matilda) - Robertson (Andrew)" <andrewcrobertson@gmail.com>;
"Robertson (Matilda) - Robertson (Lara)" <laraejrobertson@gmail.com>;
"Rogers (Kendall) - Rogers (Tamara)" <tamara.rogers@bigpond.com>;
"Russell (Ryan) - Russell (Meagan)" <imadevil86@gmail.com>;
"Russell (Ryan)" <imadevil86@hotmail.com>;
"Sales (Blake) - Sales (Petra)" <petrasales777@gmail.com>;
"Sales (Blake) - Sales (Stuart)" <foursunsgardencare@gmail.com>;
"Sales (Fletcher) - SALES (STUART)" <stuartsales777@gmail.com>;
"Sales (Joel) - SALES (PETRA)" <petrasales777@gmail.com>;
"Sales (Joel) - SALES (STUART)" <foursunsgardencare@gmail.com>;
"Samos (Alex) - Samos (George)" <gsamos@team.telstra.com>;
"Samos (Alex) - Samos (Tracey)" <maudie68@telstra.com>;
"Scripps (William) - Scripps (Kylie)" <kylie_scripps@hotmail.com>;
"Scripps (William) - Scripps (Robert)" <rkscripps@gmail.com>;
"Self (Skye) - Bear (Kellie)" <kelliebear15@gmail.com>;
"Smith (Kane) - Smith (Karl)" <karlos73@live.com.au>;
"Smith (Kane) - White (Michelle)" <michelle801@live.com.au>;
"Smith (Mateo) - Smith (Fiona)" <fmsmith5@hotmail.com>;
"Soderman (Skye) - Maggs (Mandy)" <mandymaggs9@gmail.com>;
"Soderman (Summer-lee) - Maggs (Mandy)" <mandymaggs9@gmail.com>;
"Stallworthy (Jaylen) - Cahill (Amy)" <amy_louise07@hotmail.com>;
"Stallworthy (Jaylen) - Cahill (Jason)" <jason@bigeventpicnictables.com.au>;
"Steele (Dakota) - Platt (Kylie)" <kylieplatt9@gmail.com>;
"Steele (Dakota) - Steele (Andrew)" <gunsle@me.com>;
"Stephen (Darcy) - Stephen (Nerida)" <gnstephen1@bigpond.com>;
"Stocker (Tori) - Korver (Lisa)" <lisak@banktech.com.au>;
"Stocker (Tori) - Stocker (Rob)" <stockerpainting@bigpond.com>;
"Stoddart (Anthony) - CATTUNAR (Roxanne)" <rcattunar22@gmail.com>;
"Szeicz (Maximilian) - Szeicz (Ildiko)" <szeiczildiko@hotmail.com>;
"Talent (Dylan) - Talent (Nicole)" <nicolesingleton@bigpond.com>;
"Talia (Brodie) - Talia (Agostino)" <agostinotalia@hotmail.com>;
"Talia (Brodie) - Talia (Kelly)" <kellystock@hotmail.com>;
"Tauiliili (Izaac) - Tauiliili (Aneti)" <junior_tauiliili@outlook.com>;
"Tauiliili (Izaac) - Tauiliili (Sophea)" <sophea.tauiliili@hotmail.com>;
"Thompson (Nikita) - Thompson-Moore (Leanne)" <ashmoore44@hotmail.com>;
"Toohey (Joshua)" <belindalee1983@hotmail.com>;
"Torney (Kiara) - Torney (Belinda)" <belinda.torney59@gmail.com>;
"Torney (Lachlan)" <belinda.torney59@gmail.com>;
"Tournier (Billy) - Tournier (Dale)" <hollyedunbar@gmail.com>;
"Treverton (Kodi) - Mcmahon (Marlene)" <marlene.mcmahon68@gmail.com>;
"Turin (Darrell)" <louizanaacayaa@gmail.com>;
"Turin (Louizana) - Turin (Melissa)" <melissa.turin@gmail.com>;
"Turin (Louizana)" <louizanaacayaa@gmail.com>;
"Vail (Benjamin) - Vail (Rudy)" <rvailspje@gmail.com>;
"Van Der Linden (James) - Van Der Linden (Gerard)" <g.mvan@bigpond.com>;
"Vines (Sam) - Vines (Andrew)" <avinesamp@gmail.com.au>;
"Vines (Sam) - Vines (Michelle)" <avinesamp@gmail.com>;
"Vodopier (Gemma) - Vodopier (Michael)" <mvods67@gmail.com>;
"Vodopier (Gemma) - Vodopier (Pamela)" <pvods74@gmail.com>;
"Walker (Thomas) - Dawber (Beccy)" <beccydawber@bigpond.com>;
"Walker (Thomas) - Walker (Mick)" <mickywalk@gmail.com>;
"Walker (Tyler) - Walker (Nicole)" <nicmarshman@hotmail.com>;
"Walters (Jade) - Stathis (June)" <june.stathis@hotmail.com>;
"Waterworth (Joshua) - Waterworth (Mark)" <markwaterworth@gmail.com>;
"White (Brandon) - White (Cheree)" <bbomber1@bigpond.com>;
"White (Brandon)" <chereebe27@gmail.com>;
"White (Levi)" <charltonwhite02@hotmail.com>;
"Willcock (Carly) - Nordmann (Astrid)" <anordmann@optusnet.com.au>;
"Willcock (Carly) - Willcock (Gavin)" <gavinwillcock@optusnet.com.au>;
"Willcock (Jessica)" <anordmann@optusnet.com.au>;
"Williams (Caleb) - Williams (Paul)" <pjska@hotmail.com>;
"Williams (Caleb) - Williams (Suzanne)" <suzandpjwilliams@gmail.com>;
"Willoughby (Tyler) - Willoughby (Michelle)" <boxylox@hotmail.com>;
"Wilson (Tara) - Wilson (Keith)" <keith.wilson@barrplant.com.au>;
"Wilson (Tara) - Wilson (Leanne)" <leekeithwilson@outlook.com>;
"Wood (Keely) - Wood (Laura)" <jdandlewood@gmail.com>;
"Wood (Xavier) - Wood (Laura)" <jdandlewood@gmail.com>;
"Woolard (Martin) - Burgess (Heidi)" <hrwoolard@hotmail.com>;
"Wootten (Seth Max) - Wootten (Sarah)" <sarah.wootten@outlook.com>;
"Wootton (Axel) - Wootton (Bianca)" <b1nks78@outlook.com>;
"Wootton (Axel) - Wootton (Dean)" <dwootton@adica.com.au>;
"Wootton (Rhani) - Wootton (Bianca)" <b1nks78@outlook.com>;
"Young (Campbell) - Young (John)" <john.young@brilliantlighting.com.au>;
"Young (Campbell) - Young (Rachel)" <rachel.peake5@bigpond.com>;
"Zouch-Ristic (Chloe) - Stone (Brodi)" <brodistone11@gmail.com>;
"Zouch-Ristic (Chloe) - Williams (Anthony)" <anthony_williams84@hotmail.com>;
"kleverkamp (cody) - Kleverkamp (Brendan)" <bkck0208@gmail.com>;
"kleverkamp (cody)" <beccydawber@bigpond.com>;
"knight (mitchell) - Knight (Brad)" <bak1978@hotmail.com>;
"knight (mitchell) - Knight-Brown (Kylie)" <kylierocks@gmail.com>;
"spencer (owen) - spencer (amanda)" <m4rks@bigpond.com>;