[
  {
    "name": "Akanoa (Lorenzo) - Akanoa Temata)",
    "email": "akanoataiti@gmail.com"
  },
  {
    "name": "Akanoa (Lorenzo) - Akanoa Travel)",
    "email": "akanoatravel@gmail.com"
  },
  {
    "name": "Akanoa (Jayden-Rae) - Akanoa Temata)",
    "email": "mwalker12@bigpond.com"
  },
  {
    "name": "Akanoa (Jayden-Rae) - Registered Contact)",
    "email": "akanoataiti@gmail.com"
  },
  {
    "name": "Alexander (Brayden) - Alexander Kirrily)",
    "email": "azkizalexander@bigpond.com.au"
  },
  {
    "name": "Amey (Lachlan) - Amey Jarrod)",
    "email": "jazznchaz01@gmail.com"
  },
  {
    "name": "Amey (Oliver) - Amey Jarrod)",
    "email": "jazznchaz01@gmail.com"
  },
  {
    "name": "Asaad (Julia) - Deacey Merrin)",
    "email": "mdeacey@yahoo.com.au"
  },
  {
    "name": "Ashton (Tigerlily) - Westra Jodie)",
    "email": "jodie.westra@hotmail.com"
  },
  {
    "name": "Ashton (Tigerlily) - Maloney Craig)",
    "email": "craig.maloney@hotmail.com"
  },
  {
    "name": "Atcheson (Tilli) - Atcheson Nicole)",
    "email": "nicole.atcheson20@gmail.com"
  },
  {
    "name": "Aulsebrook-Walker (Aaron) - Walker Matt)",
    "email": "matthew.walker@lincolnsentry.com.au"
  },
  {
    "name": "Bamford (Josephine) - Bamford Michelle)",
    "email": "m.bamford76@optusnet.com.au"
  },
  {
    "name": "Bamford (Josephine) - Bamford Jon)",
    "email": "j.bamford78@optusnet.com.au"
  },
  {
    "name": "Bamford (Josephine) - Registered Contact)",
    "email": "j.bamford07@optusnet.com.au"
  },
  {
    "name": "Bannan (Lachlan) - Gielen Wendy)",
    "email": "wendygielen11@gmail.com"
  },
  {
    "name": "Barlow (Elise) - Barlow Ben)",
    "email": "benny190271@gmail.com"
  },
  {
    "name": "Bartling (Jaxon) - Bartling Elwira)",
    "email": "elwirabartling@gmail.com"
  },
  {
    "name": "Bartling (Jaxon) - Bartling Chris)",
    "email": "chrisbartling@hotmail.com"
  },
  {
    "name": "Baseden (Adam) - Baseden Michelle)",
    "email": "michellebaseden@hotmail.com"
  },
  {
    "name": "Baseden (Adam) - Baseden Brett)",
    "email": "brettbaseden@hotmail.com"
  },
  {
    "name": "Beattie (Vaughn) - Beattie Joshua)",
    "email": "j-beattie1@hotmail.com"
  },
  {
    "name": "Beattie (Vaughn) - Talent Rachel)",
    "email": "rachelleetalent@hotmail.com"
  },
  {
    "name": "Bemelmans (Carter) - Bemelmans Peter)",
    "email": "petebem2365@gmail.com"
  },
  {
    "name": "Blake (Mikybie) - Francis Onique)",
    "email": "onique.francis@gmail.com"
  },
  {
    "name": "Blake (Mikybie) - Blake Brad)",
    "email": "bradleighblake@hotmail.com"
  },
  {
    "name": "Blake (Phoenix) - Francis Onique)",
    "email": "onique.francis@gmail.com"
  },
  {
    "name": "Blake (Phoenix) - Blake Brad)",
    "email": "bradleighblake@hotmail.com"
  },
  {
    "name": "Blasius (Chloe) - Mandy Maggs Mandy Maggs)",
    "email": "mandymaggs9@gmail.com"
  },
  {
    "name": "Blasius (Chloe) - Registered Contact)",
    "email": "chloeblasius4@gmail.com"
  },
  {
    "name": "Bright (Jacob) - Bright Andrew)",
    "email": "youngandbright@optusnet.com.au"
  },
  {
    "name": "Buchstaller (Joshua) - Buchstaller Peter)",
    "email": "peterbuch1974@gmail.com"
  },
  {
    "name": "Buchstaller (Joshua) - Buchstaller Debra)",
    "email": "debrabuch74@gmail.com"
  },
  {
    "name": "Bullman (Kane) - Bullman Andrew)",
    "email": "andrewbullman1@gmail.com"
  },
  {
    "name": "Bullman (Kane) - Bullman Simone)",
    "email": "simbullman@gmail.com"
  },
  {
    "name": "Bullman (Miller) - Bullman Andrew)",
    "email": "andrewbullman1@gmail.com"
  },
  {
    "name": "Bullman (Miller) - Bullman Simone)",
    "email": "simbullman@gmail.com"
  },
  {
    "name": "Bullman (Tyler) - Bullman Andrew)",
    "email": "andrewbullman1@gmail.com"
  },
  {
    "name": "Bullman (Tyler) - Bullman Simone)",
    "email": "simbullman@gmail.com"
  },
  {
    "name": "Calcraft (Benjamin) - Paice Lisa)",
    "email": "lisapaice@gmail.com"
  },
  {
    "name": "Cameron (Madelyn) - Cameron Kylie)",
    "email": "camscove@icloud.com"
  },
  {
    "name": "Carter (Hailey) - Carter Diana)",
    "email": "tipprincess@yahoo.co.uk"
  },
  {
    "name": "Carter (Hailey) - Carter Craig)",
    "email": "craig@progressearth.com.au"
  },
  {
    "name": "Cathro-Turner (Emily) - Turner Shane)",
    "email": "shaneturnerstud@gmail.com"
  },
  {
    "name": "Christensen (Dylan) - CHRISTENSEN TONY)",
    "email": "bigton6@gmail.com"
  },
  {
    "name": "Christensen (Dylan) - Christensen sue)",
    "email": "suedal71@hotmail.com"
  },
  {
    "name": "Cincotta (Markus) - Cincotta Timothy)",
    "email": "tscincotta@hotmail.com"
  },
  {
    "name": "Cincotta (Markus) - Hoppe Chantal)",
    "email": "chantal.hoppe@monash.edu.au"
  },
  {
    "name": "Collins (Riley) - Collins Michael)",
    "email": "michaelc@conwayelectrics.com.au"
  },
  {
    "name": "Collins (Riley) - Collins Sandra)",
    "email": "sandra.collins@monash.edu"
  },
  {
    "name": "Cook (James) - Cook Josh)",
    "email": "edawborn@hotmail.com"
  },
  {
    "name": "Cossens (Elena) - Cossens Lisa)",
    "email": "lisa.cossens@gmail.com"
  },
  {
    "name": "Darmawan (Indah) - Darmawan Tracey)",
    "email": "darmawan1@bigpond.com"
  },
  {
    "name": "Darmawan (Indah) - Darmawan Gede)",
    "email": "gede_d@live.com.au"
  },
  {
    "name": "Darmawan (Zyon) - Darmawan Tracey)",
    "email": "darmawan1@bigpond.com"
  },
  {
    "name": "Davies (Sam) - Davies Steven)",
    "email": "steven.davies@beaconhills.vic.edu.au"
  },
  {
    "name": "Davies (Sam) - Registered Contact)",
    "email": "daviess2@mlc.vic.edu.au"
  },
  {
    "name": "De Losa (Isabella) - Tucker Angela)",
    "email": "angela@valleywindows.com.au"
  },
  {
    "name": "Delbridge (Anthony) - Delbridge Sally)",
    "email": "office.cablecom@gmail.com"
  },
  {
    "name": "Eagles (Ashton) - Eagles Natalie)",
    "email": "natalie.dunkley@yahoo.com.au"
  },
  {
    "name": "Eagles (Ashton) - Registered Contact)",
    "email": "natalie.eagles85@gmail.com"
  },
  {
    "name": "Edwards (Aidan) - Robins Tamara)",
    "email": "tamararobins@hotmail.com"
  },
  {
    "name": "Edwards (Aidan) - Edwards Nathan)",
    "email": "nre@live.com.au"
  },
  {
    "name": "Edwards (Aidan) - Registered Contact)",
    "email": "kiesharobins12@gmail.com"
  },
  {
    "name": "Foster-Davies (Jaslyn) - McLeish Kelly)",
    "email": "mckellym@hotmail.com"
  },
  {
    "name": "GauciFraser (Shaylee) - Fraser Kim)",
    "email": "kynmii495@gmail.com"
  },
  {
    "name": "Gerada (Corey) - Gerada Leon)",
    "email": "neonleon38@hotmail.com"
  },
  {
    "name": "Glenn (Jack) - Van Looy Bianca)",
    "email": "bvanlooy1982@hotmail.com"
  },
  {
    "name": "Gordon (Malakai) - SANKEY KAYLA)",
    "email": "kayla_gordon86@hotmail.com"
  },
  {
    "name": "Gordon (Malakai) - sankey christopher)",
    "email": "christopher_sankey@hotmail.com"
  },
  {
    "name": "Green (Aaron) - Green Kelly)",
    "email": "kelly1969@live.com.au"
  },
  {
    "name": "Green (Aaron) - Green Steve)",
    "email": "zara95@optusnet.com.au"
  },
  {
    "name": "Groenewegen (Jasper) - Groenewegen Peter)",
    "email": "peter.groenewegen@bigpond.com"
  },
  {
    "name": "Groenewegen (Jasper) - Groenewegen Hannah)",
    "email": "hannahcar4@hotmail.com"
  },
  {
    "name": "Gunn (Joel) - Gunn Alex)",
    "email": "algunn71@hotmail.com"
  },
  {
    "name": "Gunn (Joel) - Gunn Lori)",
    "email": "lorigunn75@gmail.com"
  },
  {
    "name": "Gunton-Pincombe (Chya) - Pincombe Zenobia)",
    "email": "zenobiapincombe@gmail.com"
  },
  {
    "name": "Hannan (Jett) - Hannan Yvette)",
    "email": "liberty06@bigpond.com"
  },
  {
    "name": "Hannan (Jett) - Hannan Chad)",
    "email": "hannanchad@hotmail.com"
  },
  {
    "name": "Hapuarachchi (Ezra) - Azoor Tasnym)",
    "email": "tasbella@gmail.com"
  },
  {
    "name": "Hapuarachchi (Ezra) - Hapuarachchi Roshan)",
    "email": "rs_hapu@yahoo.com"
  },
  {
    "name": "Harris (Joel) - Eagle Nicole)",
    "email": "nicole.a.eagle@gmail.com"
  },
  {
    "name": "Hartley (Jackson) - Hartley Megan)",
    "email": "burnsmegan@hotmail.com"
  },
  {
    "name": "Hartley (Jackson) - Hartley Wayne)",
    "email": "warrior.56@hotmail.com"
  },
  {
    "name": "Hartley (Jackson) - Registered Contact)",
    "email": "megan.hartley22@outlook.com"
  },
  {
    "name": "Hasslinger (Joshua) - Carlin Rachael)",
    "email": "suzanne.metz@mail.com"
  },
  {
    "name": "Hasslinger (Joshua) - Carlin Liam)",
    "email": "liam.carlin1997@gmail.com"
  },
  {
    "name": "Heenan (Renee) - HEENAN JANETTE)",
    "email": "keishahee@gmail.com"
  },
  {
    "name": "Heenan (Renee) - Heenan Steven)",
    "email": "steveheen@gmail.com"
  },
  {
    "name": "Heenan (Ryan) - Heenan Janette)",
    "email": "keishahee@gmail.com"
  },
  {
    "name": "Heenan (Ryan) - Heenan Steven)",
    "email": "steveheen1@gmail.com"
  },
  {
    "name": "Hodgkinson (Kayley) - Hodgkinson Abby)",
    "email": "ahodgie@mail.com"
  },
  {
    "name": "Hodgkinson (Kayley) - Hodgkinson Daniel)",
    "email": "danielhodgkinson81@gmail.com"
  },
  {
    "name": "Hughson (Cassie) - Hughson Gillian)",
    "email": "gillhughson5@gmail.com"
  },
  {
    "name": "Hughson (Gemma) - Hughson Gillian)",
    "email": "gillhughson5@gmail.com"
  },
  {
    "name": "Hughson (Max) - Hughson Gillian)",
    "email": "gillhughson5@gmail.com"
  },
  {
    "name": "Humphreys (Max) - Humphreys Kate)",
    "email": "katerichumphreys@outlook.com"
  },
  {
    "name": "Hurrell (Jai) - Hurrell Matt)",
    "email": "g-one_leadlighting@hotmail.com"
  },
  {
    "name": "Hurrell (Taj) - Hurrell Matthew)",
    "email": "g-one_leadlighting@hotmail.com"
  },
  {
    "name": "Irshad (Zara) - Irshad Kylie)",
    "email": "kylieirshad@hotmail.com"
  },
  {
    "name": "Irshad (Zara) - Registered Contact)",
    "email": "beccydawber@bigpond.com"
  },
  {
    "name": "Irvin (Cooper) - Irvin Michelle)",
    "email": "m.irvin@live.com.au"
  },
  {
    "name": "Irvin (Cooper) - Irvin Michelle)",
    "email": "daveirvin_3@hotmail.com"
  },
  {
    "name": "Johnson (Amy) - Johnson Kym)",
    "email": "kymbojohnson@gmail.com"
  },
  {
    "name": "Johnson (Amy) - Johnson Keith)",
    "email": "kljohnson6374@gmail.com"
  },
  {
    "name": "Jordy (Stafford) - Stafford Lisa)",
    "email": "leesy.stafford1@gmail.com"
  },
  {
    "name": "Kane (Alex) - Kane Warwick)",
    "email": "warwick.kane@gmail.com"
  },
  {
    "name": "Kershaw (Leila) - Registered Contact)",
    "email": "kara@pridecup.org.au"
  },
  {
    "name": "Khan (Pashtana) - Khan Rayana)",
    "email": "ray.k0709@gmail.com"
  },
  {
    "name": "Kinstler (Dustin) - Kinstler Robert)",
    "email": "robertgk.66@gmail.com"
  },
  {
    "name": "kleverkamp (cody) - Kleverkamp Brendan)",
    "email": "bkck0208@gmail.com"
  },
  {
    "name": "kleverkamp (cody) - Registered Contact)",
    "email": "beccydawber@bigpond.com"
  },
  {
    "name": "Knight (Heath) - Knight-Brown Kylie)",
    "email": "kylierocks@gmail.com"
  },
  {
    "name": "knight (mitchell) - Knight-Brown Kylie)",
    "email": "kylierocks@gmail.com"
  },
  {
    "name": "knight (mitchell) - Knight Brad)",
    "email": "bak1978@hotmail.com"
  },
  {
    "name": "Lalor (Joshua) - Lalor Garry)",
    "email": "garry.lalor@icloud.com"
  },
  {
    "name": "Lalor (Joshua) - Registered Contact)",
    "email": "garry.lalor@parks.vic.gov.au"
  },
  {
    "name": "Leb (Jessica) - leb catherine)",
    "email": "catherinejleb@optusnet.com.au"
  },
  {
    "name": "Leb (Jessica) - leb neal)",
    "email": "n.leb@icloud.com"
  },
  {
    "name": "Leb (Jessica) - Registered Contact)",
    "email": "jess.l28@icloud.com"
  },
  {
    "name": "Lech (Amielle) - Lech Fi)",
    "email": "whiskk@gmail.com"
  },
  {
    "name": "Lech (Amielle) - Lech Ty)",
    "email": "ty_lech@hotmail.com"
  },
  {
    "name": "Lech (Xavier) - lech fiona)",
    "email": "whiskk@gmail.com"
  },
  {
    "name": "Lovie (Taiha) - Balsdon Emily)",
    "email": "emilybalsdon1992@hotmail.com"
  },
  {
    "name": "Ludtke (Oscar) - Ludtke Jane)",
    "email": "jludtke@optusnet.com.au"
  },
  {
    "name": "Macfarlane (Emily) - Anderson Felicity)",
    "email": "flissygxxx@gmail.com"
  },
  {
    "name": "Mainenti (Jag) - Michelle Hardy)",
    "email": "michelle.hardy@live.com"
  },
  {
    "name": "Mainenti (Jag) - Mainenti Paul)",
    "email": "maronello@icloud.com"
  },
  {
    "name": "Malone (Taylah) - Malone Taryn)",
    "email": "flakeytaz@hotmail.com"
  },
  {
    "name": "Malone (Taylah) - Malone Dale)",
    "email": "fluffyflakey@hotmail.com"
  },
  {
    "name": "Maloney (Sienna) - Westra Jodie)",
    "email": "jodie.westra@hotmail.com"
  },
  {
    "name": "Maloney (Sienna) - Maloney Craig)",
    "email": "craig.maloney@hotmail.com"
  },
  {
    "name": "Maloney (Zakiya) - Westra Jodie)",
    "email": "jodie.westra@hotmail.com"
  },
  {
    "name": "Maloney (Zakiya) - Maloney Craig)",
    "email": "craig.maloney@hotmail.com"
  },
  {
    "name": "Maniscalchi (Emily) - Maniscalchi Tania)",
    "email": "maniscalchi.tania.l@edumail.vic.gov.au"
  },
  {
    "name": "Maniscalchi (Grace) - Maniscalchi Tania)",
    "email": "maniscalchi.tania.l@edumail.vic.gov.au"
  },
  {
    "name": "Marsden (Georgie) - Marsden Leanne)",
    "email": "harri47@bigpond.com"
  },
  {
    "name": "Marsden (Georgie) - Marsden Paul)",
    "email": "gemjem28@yahoo.com"
  },
  {
    "name": "Marsden (Georgie) - Registered Contact)",
    "email": "leannemar47@gmail.com"
  },
  {
    "name": "Marsden (Jed) - Marsden Leanne)",
    "email": "harri47@bigpond.com"
  },
  {
    "name": "Marsden (Jed) - Marsden Paul)",
    "email": "gemjem28@yahoo.com"
  },
  {
    "name": "Marsden (Jed) - Registered Contact)",
    "email": "leannemar47@gmail.com"
  },
  {
    "name": "Martin (Alanna) - Martin Fiona)",
    "email": "fmartin1@bigpond.net.au"
  },
  {
    "name": "Martin (Alanna) - Martin Anthony)",
    "email": "avmartin@bigpond.net.au"
  },
  {
    "name": "Martinus (Romesh) - Martinus Darren)",
    "email": "martinusdsl@dodo.com.au"
  },
  {
    "name": "Martinus (Romesh) - Martinus Neomi)",
    "email": "martinud@y7mail.com"
  },
  {
    "name": "Mason (Nicholas) - Blackley Donna)",
    "email": "dblackley78@hotmail.com"
  },
  {
    "name": "Mason (Nicholas) - Blackley Keith)",
    "email": "keiffy78@hotmail.com"
  },
  {
    "name": "Materia (Jeremy) - Materia Maria)",
    "email": "mariamateria2@gmail.com"
  },
  {
    "name": "Materia (Jeremy) - Materia Angelo)",
    "email": "ammateria@gmail.com"
  },
  {
    "name": "Materia (Jeremy) - Registered Contact)",
    "email": "jeremymateria@gmail.com"
  },
  {
    "name": "Mathews (Toby) - Mathews Tunde)",
    "email": "tundemathews@gmail.com"
  },
  {
    "name": "Mathews (Toby) - Mathews Brad)",
    "email": "bradleymathews75@gmail.com"
  },
  {
    "name": "Maxwell (Jayden) - Maxwell Nic)",
    "email": "maxwell.n@optusnet.com.au"
  },
  {
    "name": "Mcmanus (Rhian) - Bolger Sallie)",
    "email": "salliw79@gmail.com"
  },
  {
    "name": "Mead (Jackson) - Mead Dylan)",
    "email": "dylan_mead@hotmail.com"
  },
  {
    "name": "Mead (Jackson) - Mead Chloe)",
    "email": "cj.mead@hotmail.com"
  },
  {
    "name": "Morgans (Zoe) - Morgans Ross)",
    "email": "ross_morgans@bigpond.com"
  },
  {
    "name": "Morgans (Zoe) - Morgans Amee)",
    "email": "amee.personal@gmail.com"
  },
  {
    "name": "Moulden (Sam) - Moulden Rebecca)",
    "email": "mouldenr@hotmail.com"
  },
  {
    "name": "Murphy (Maison) - Murphy Kirstie)",
    "email": "dangersmurf@hotmail.com"
  },
  {
    "name": "Nackovski (David) - Registered Contact)",
    "email": "pnackovski@hotmail.com"
  },
  {
    "name": "Nackovski (Kristina) - Nackovski Pete)",
    "email": "pnackovski@hotmail.com"
  },
  {
    "name": "Nicolaou (Noah) - Nicolaou Amanda)",
    "email": "a.nicolaou84@gmail.com"
  },
  {
    "name": "Niksic (Kayla) - Alderton Melanie)",
    "email": "m.ald37@outlook.com"
  },
  {
    "name": "Obrien (Charlie) - Davis Rebecca)",
    "email": "bexobr@gmail.com"
  },
  {
    "name": "Obrien (Charlie) - OBrien Dennis)",
    "email": "d.obrien@alerton.com"
  },
  {
    "name": "Parker (Zac) - Parker Andrew)",
    "email": "andyp1078@gmail.com"
  },
  {
    "name": "Parlby (Marley) - Parlby Dee)",
    "email": "djparlby@gmail.com"
  },
  {
    "name": "Parlby (Marley) - Registered Contact)",
    "email": "jarrodparlby@gmail.com"
  },
  {
    "name": "Paterson (William) - Paterson James)",
    "email": "fonerye@gmail.com"
  },
  {
    "name": "Pearson (Jack) - Pearson Rob)",
    "email": "debbie_rob@optusnet.com.au"
  },
  {
    "name": "Pepperell (Jackson) - Pepperell David)",
    "email": "d.pepperell@bigpond.com"
  },
  {
    "name": "Peters (Jackson) - Peters Andrew)",
    "email": "apeters@swin.edu.au"
  },
  {
    "name": "Peters (Jackson) - Peters Alissa)",
    "email": "alissa_jane@hotmail.com"
  },
  {
    "name": "Peters (Max) - Peters Alissa)",
    "email": "alissa_jane@hotmail.com"
  },
  {
    "name": "Peterson (Chenoa) - Penrose Rachel)",
    "email": "rachel_mark_chenoa@live.com.au"
  },
  {
    "name": "Pickett (Riley) - Pickett Marie)",
    "email": "mariebetti81@hotmail.com"
  },
  {
    "name": "Pottenger (Jordan) - Pottenger Rebecca)",
    "email": "pottenger008@gmail.com"
  },
  {
    "name": "Pottenger (Jordan) - Registered Contact)",
    "email": "shaneturnerstud@gmail.com"
  },
  {
    "name": "Priems (Blair) - Priems Rob)",
    "email": "vanessaandrob1@bigpond.com"
  },
  {
    "name": "Prior (Emily) - Prior Tracey)",
    "email": "trace.1973@bigpond.com"
  },
  {
    "name": "Prior (Emily) - Registered Contact)",
    "email": "priorek@aquinas.vic.edu.au"
  },
  {
    "name": "Prior (Owen) - Prior Tracey)",
    "email": "trace.1973@bigpond.com"
  },
  {
    "name": "Rennison (Sydney) - Rennison Angie)",
    "email": "renni2@live.com"
  },
  {
    "name": "Rennison (Sydney) - Rennison Matt)",
    "email": "golfman05@live.com"
  },
  {
    "name": "Rippon (Ethan) - Rippon Andrew)",
    "email": "chipsbricklaying@hotmail.com"
  },
  {
    "name": "Rippon (Ethan) - Rippon Venetta)",
    "email": "venetta.spencer@hotmail.com"
  },
  {
    "name": "Rippon (Tyler) - Rippon Andrew)",
    "email": "chipsbricklaying@hotmail.com"
  },
  {
    "name": "Rogers (Kendall) - Rogers Tamara)",
    "email": "tamara.rogers@bigpond.com"
  },
  {
    "name": "Russell (Ryan) - Russell Meagan)",
    "email": "imadevil86@gmail.com"
  },
  {
    "name": "Russell (Ryan) - Registered Contact)",
    "email": "imadevil86@hotmail.com"
  },
  {
    "name": "Sales (Fletcher) - Sales Stuart)",
    "email": "foursunsgardencare@gmail.com"
  },
  {
    "name": "Sales (Fletcher) - Sales Petra)",
    "email": "stuartsales777@gmail.com"
  },
  {
    "name": "Sales (Fletcher) - Registered Contact)",
    "email": "petrasales777@gmail.com"
  },
  {
    "name": "Samos (Alex) - Samos Tracey)",
    "email": "maudie68@telstra.com"
  },
  {
    "name": "Samos (Alex) - Samos George)",
    "email": "gsamos@team.telstra.com"
  },
  {
    "name": "Scripps (William) - Scripps Robert)",
    "email": "rkscripps@gmail.com"
  },
  {
    "name": "Scripps (William) - Scripps Kylie)",
    "email": "kylie_scripps@hotmail.com"
  },
  {
    "name": "Self (Skye) - Bear Kellie)",
    "email": "kelliebear15@gmail.com"
  },
  {
    "name": "Smith (Kane) - White Michelle)",
    "email": "michelle801@live.com.au"
  },
  {
    "name": "Smith (Kane) - Smith Karl)",
    "email": "karlos73@live.com.au"
  },
  {
    "name": "Stallworthy (Jaylen) - Cahill Amy)",
    "email": "amy_louise07@hotmail.com"
  },
  {
    "name": "Stallworthy (Jaylen) - Cahill Jason)",
    "email": "jason@bigeventpicnictables.com.au"
  },
  {
    "name": "Stephen (Darcy) - Stephen Nerida)",
    "email": "gnstephen1@bigpond.com"
  },
  {
    "name": "Stocker (Tori) - Korver Lisa)",
    "email": "lisak@banktech.com.au"
  },
  {
    "name": "Stocker (Tori) - Stocker Rob)",
    "email": "stockerpainting@bigpond.com"
  },
  {
    "name": "Szeicz (Maximilian) - Szeicz Ildiko)",
    "email": "szeiczildiko@hotmail.com"
  },
  {
    "name": "Talent (Dylan) - Talent Nicole)",
    "email": "nicolesingleton@bigpond.com"
  },
  {
    "name": "Tauiliili (Izaac) - Tauiliili Sophea)",
    "email": "sophea.tauiliili@hotmail.com"
  },
  {
    "name": "Tauiliili (Izaac) - Tauiliili Aneti)",
    "email": "junior_tauiliili@outlook.com"
  },
  {
    "name": "Thompson (Nikita) - Thompson-Moore Leanne)",
    "email": "ashmoore44@hotmail.com"
  },
  {
    "name": "Toohey (Joshua) - Registered Contact)",
    "email": "belindalee1983@hotmail.com"
  },
  {
    "name": "Torney (Kiara) - Torney Belinda)",
    "email": "belinda.torney59@gmail.com"
  },
  {
    "name": "Torney (Lachlan) - Registered Contact)",
    "email": "belinda.torney59@gmail.com"
  },
  {
    "name": "Tournier (Billy) - Tournier Dale)",
    "email": "hollyedunbar@gmail.com"
  },
  {
    "name": "Treverton (Kodi) - Mcmahon Marlene)",
    "email": "marlene.mcmahon68@gmail.com"
  },
  {
    "name": "Turin (Darrell) - Registered Contact)",
    "email": "louizanaacayaa@gmail.com"
  },
  {
    "name": "Turin (Louizana) - Turin Melissa)",
    "email": "melissa.turin@gmail.com"
  },
  {
    "name": "Turin (Louizana) - Registered Contact)",
    "email": "louizanaacayaa@gmail.com"
  },
  {
    "name": "Vines (Sam) - Vines Andrew)",
    "email": "avinesamp@gmail.com.au"
  },
  {
    "name": "Vines (Sam) - Vines Michelle)",
    "email": "avinesamp@gmail.com"
  },
  {
    "name": "Vodopier (Gemma) - Vodopier Pamela)",
    "email": "pvods74@gmail.com"
  },
  {
    "name": "Vodopier (Gemma) - Vodopier Michael)",
    "email": "mvods67@gmail.com"
  },
  {
    "name": "Walters (Jade) - Stathis June)",
    "email": "june.stathis@hotmail.com"
  },
  {
    "name": "Waterworth (Joshua) - Waterworth Mark)",
    "email": "markwaterworth@gmail.com"
  },
  {
    "name": "White (Brandon) - White Cheree)",
    "email": "bbomber1@bigpond.com"
  },
  {
    "name": "White (Brandon) - Registered Contact)",
    "email": "chereebe27@gmail.com"
  },
  {
    "name": "White (Levi) - Registered Contact)",
    "email": "charltonwhite02@hotmail.com"
  },
  {
    "name": "Williams (Caleb) - Williams Suzanne)",
    "email": "suzandpjwilliams@gmail.com"
  },
  {
    "name": "Williams (Caleb) - Williams Paul)",
    "email": "pjska@hotmail.com"
  },
  {
    "name": "Willoughby (Tyler) - Willoughby Michelle)",
    "email": "boxylox@hotmail.com"
  },
  {
    "name": "Wilson (Tara) - Wilson Leanne)",
    "email": "leekeithwilson@outlook.com"
  },
  {
    "name": "Wilson (Tara) - Wilson Keith)",
    "email": "keith.wilson@barryplant.com.au"
  },
  {
    "name": "Wood (Keely) - Wood Laura)",
    "email": "jdandlewood@gmail.com"
  },
  {
    "name": "Wood (Xavier) - Wood Laura)",
    "email": "jdandlewood@gmail.com"
  },
  {
    "name": "Woolard (Martin) - Burgess Heidi)",
    "email": "hrwoolard@hotmail.com"
  },
  {
    "name": "Wootten (Seth Max) - Wootten Sarah)",
    "email": "sarah.wootten@outlook.com"
  },
  {
    "name": "Wootton (Axel) - Wootton Bianca)",
    "email": "b1nks78@outlook.com"
  },
  {
    "name": "Wootton (Axel) - Wootton Dean)",
    "email": "dwootton@adica.com.au"
  },
  {
    "name": "Wootton (Rhani) - Wootton Bianca)",
    "email": "b1nks78@outlook.com"
  },
  {
    "name": "Young (Campbell) - Young Rachel)",
    "email": "rachel.peake5@bigpond.com"
  },
  {
    "name": "Young (Campbell) - Young John)",
    "email": "john.young@brilliantlighting.com.au"
  },
  {
    "name": "Zouch-Ristic (Chloe) - Stone Brodi)",
    "email": "brodistone11@gmail.com"
  },
  {
    "name": "Zouch-Ristic (Chloe) - Williams Anthony)",
    "email": "anthony_williams84@hotmail.com"
  }
]